id,reference,species,guild,biome,distance,control_mean,control_sd,control_n,treatment_mean,treatment_sd,treatment_n
1,"Baur, 1998",Crax rubra,Frug,Tropical forest,6,0.37,0.608,111,0.08,0.283,111
2,"Baur, 1998",Crax rubra,Frug,Tropical forest,10,0.37,0.608,111,0.04,0.2,74
3,"Baur, 1998",Crax rubra,Frug,Tropical forest,14,0.37,0.608,111,0.15,0.387,74
4,"Baur, 1998",Meleagris ocellata,Omn,Tropical forest,6,0.1,0.316,111,0.01,0.1,111
5,"Baur, 1998",Meleagris ocellata,Omn,Tropical forest,10,0.1,0.316,111,0.04,0.2,74
6,"Baur, 1998",Meleagris ocellata,Omn,Tropical forest,14,0.1,0.316,111,0.08,0.283,74
7,"Baur, 1998",Ortalis vetula,Frug,Tropical forest,6,0.01,0.1,111,0.025,0.158,111
8,"Baur, 1998",Ortalis vetula,Frug,Tropical forest,10,0.01,0.1,111,0.025,0.158,74
9,"Baur, 1998",Ortalis vetula,Frug,Tropical forest,14,0.01,0.1,111,0.02,0.141,74
10,"Baur, 1998",Penelope purpurascens,Frug,Tropical forest,6,0.35,0.592,111,0.125,0.354,111
11,"Baur, 1998",Penelope purpurascens,Frug,Tropical forest,10,0.35,0.592,111,0.16,0.4,74
12,"Baur, 1998",Penelope purpurascens,Frug,Tropical forest,14,0.35,0.592,111,0.375,0.612,74
13,"Baur, 1998",Tinamus major,Frug,Tropical forest,6,0.02,0.141,111,0.05,0.224,111
14,"Baur, 1998",Tinamus major,Frug,Tropical forest,10,0.02,0.141,111,0.02,0.141,74
15,"Baur, 1998",Tinamus major,Frug,Tropical forest,14,0.02,0.141,111,0.4,0.632,74
16,Begazo and Bodmer 1998,Mitu tuberosum,Frug,Tropical forest,2.5,1.65,0.402,90,0.02,0.141,76
17,Begazo and Bodmer 1998,Ortalis guttata,Frug,Tropical forest,2.5,3.28,1.935,90,5.95,2.661,76
18,Begazo and Bodmer 1998,Penelope jacquacu,Frug,Tropical forest,2.5,5.46,1.404,90,0.22,0.156,76
19,Begazo and Bodmer 1998,Pipile cumanensis,Frug,Tropical forest,2.5,6.79,2.247,90,0.44,0.18,76
20,Begazo and Bodmer 1998,Mitu tuberosum,Frug,Tropical forest,12.5,1.65,0.402,90,2.08,1.04,18
21,Begazo and Bodmer 1998,Ortalis guttata,Frug,Tropical forest,12.5,3.28,1.935,90,3.6,1.944,18
22,Begazo and Bodmer 1998,Penelope jacquacu,Frug,Tropical forest,12.5,5.46,1.404,90,5.46,1.404,18
23,Begazo and Bodmer 1998,Pipile cumanensis,Frug,Tropical forest,12.5,6.79,2.247,90,9.37,2.705,18
24,"Begazo, 1999",Crypturellus cinereus,Frug,Tropical forest,4.5,3,1.732,8,10,3.162,4
25,"Begazo, 1999",Crypturellus cinereus,Frug,Tropical forest,9.25,3,1.732,8,5,2.236,5
26,"Begazo, 1999",Crypturellus undulatus,Frug,Tropical forest,4.5,8,2.828,8,15,3.873,4
27,"Begazo, 1999",Crypturellus undulatus,Frug,Tropical forest,9.25,8,2.828,8,8,2.828,5
28,"Begazo, 1999",Ortalis guttata,Frug,Tropical forest,4.5,3,1.732,8,26,5.099,4
29,"Begazo, 1999",Ortalis guttata,Frug,Tropical forest,9.25,3,1.732,8,5,2.236,5
30,"Begazo, 1999",Pipile cumanensis,Frug,Tropical forest,4.5,10,3.162,8,5,2.236,4
31,"Begazo, 1999",Tinamus major,Frug,Tropical forest,4.5,18,4.243,8,8,2.828,4
32,"Begazo, 1999",Tinamus major,Frug,Tropical forest,9.25,18,4.243,8,19,4.359,5
33,"Begazo, 1999",Crypturellus cinereus,Frug,Tropical forest,18,3,1.732,8,4,2,7
34,"Begazo, 1999",Crypturellus undulatus,Frug,Tropical forest,18,8,2.828,8,3,1.732,7
35,"Begazo, 1999",Mitu tuberosum,Frug,Tropical forest,18,10,3.162,8,2,1.414,7
36,"Begazo, 1999",Ortalis guttata,Frug,Tropical forest,18,3,1.732,8,3,1.732,7
37,"Begazo, 1999",Penelope jacquacu,Frug,Tropical forest,18,18,4.243,8,7,2.646,7
38,"Begazo, 1999",Pipile cumanensis,Frug,Tropical forest,18,10,3.162,8,11,3.317,7
39,"Begazo, 1999",Psophia leucoptera,Frug,Tropical forest,18,34,5.831,8,2,1.414,7
40,"Begazo, 1999",Tinamus major,Frug,Tropical forest,18,18,4.243,8,12,3.464,7
41,"Begazo, 1999",Crypturellus bartletti,Frug,Tropical forest,1.5,3,1.732,7,5,2.236,4
42,"Begazo, 1999",Crypturellus bartletti,Frug,Tropical forest,10.5,3,1.732,7,2,1.414,14
43,"Begazo, 1999",Crypturellus bartletti,Frug,Tropical forest,22,3,1.732,7,2,1.414,3
44,"Begazo, 1999",Crypturellus variegatus,Frug,Tropical forest,1.5,3,1.732,7,6,2.45,4
45,"Begazo, 1999",Crypturellus variegatus,Frug,Tropical forest,10.5,3,1.732,7,4,2,14
46,"Begazo, 1999",Crypturellus variegatus,Frug,Tropical forest,22,3,1.732,7,2,1.414,3
47,"Begazo, 1999",Mitu tuberosum,Frug,Tropical forest,10.5,3,1.732,7,2,1.414,14
48,"Begazo, 1999",Mitu tuberosum,Frug,Tropical forest,22,3,1.732,7,3,1.732,3
49,"Begazo, 1999",Ortalis guttata,Frug,Tropical forest,1.5,2,1.414,7,8,2.828,4
50,"Begazo, 1999",Ortalis guttata,Frug,Tropical forest,10.5,2,1.414,7,1,1,14
51,"Begazo, 1999",Penelope jacquacu,Frug,Tropical forest,1.5,34,5.831,7,7,2.646,4
52,"Begazo, 1999",Penelope jacquacu,Frug,Tropical forest,10.5,34,5.831,7,36,6,14
53,"Begazo, 1999",Penelope jacquacu,Frug,Tropical forest,22,34,5.831,7,25,5,3
54,"Begazo, 1999",Pipile cumanensis,Frug,Tropical forest,10.5,6,2.45,7,2,1.414,14
55,"Begazo, 1999",Pipile cumanensis,Frug,Tropical forest,22,6,2.45,7,3,1.732,3
56,"Begazo, 1999",Psophia leucoptera,Frug,Tropical forest,10.5,59,7.681,7,29,5.385,14
57,"Begazo, 1999",Psophia leucoptera,Frug,Tropical forest,22,59,7.681,7,43,6.557,3
58,"Begazo, 1999",Tinamus guttatus,Frug,Tropical forest,1.5,3,1.732,7,8,2.828,4
59,"Begazo, 1999",Tinamus guttatus,Frug,Tropical forest,10.5,3,1.732,7,8,2.828,14
60,"Begazo, 1999",Tinamus guttatus,Frug,Tropical forest,22,3,1.732,7,5,2.236,3
61,"Begazo, 1999",Tinamus major,Frug,Tropical forest,1.5,10,3.162,7,6,2.45,4
62,"Begazo, 1999",Tinamus major,Frug,Tropical forest,10.5,10,3.162,7,10,3.162,14
63,"Begazo, 1999",Tinamus major,Frug,Tropical forest,22,10,3.162,7,14,3.742,3
64,"Begazo, 1999",Amazona spp,Frug,Tropical forest,2.25,7.1,2.665,4,6.3,2.51,6
65,"Begazo, 1999",Anhinga anhinga,Carn,Tropical forest,2.25,5.7,2.388,4,8.24,2.871,5
66,"Begazo, 1999",Ara spp,Frug,Tropical forest,2.25,7.7,2.775,4,3.4,1.844,6
67,"Begazo, 1999",Ardea cocoi,Carn,Tropical forest,2.25,15,3.873,4,18.7,4.324,5
68,"Begazo, 1999",Cairina moschata,Omn,Tropical forest,2.25,2.5,1.581,4,0.55,0.742,5
69,"Begazo, 1999",Cochlearius cochlearius,Inver,Tropical forest,2.25,6.7,2.588,4,5.5,2.345,5
70,"Begazo, 1999",Leptotila rufaxila,Frug,Tropical forest,2.25,15.5,3.937,4,18.8,4.336,5
71,"Begazo, 1999",Odontophorus stellarus,Frug,Tropical forest,2.25,14,3.742,4,4.6,2.145,6
72,"Begazo, 1999",Phalacrocorax brasilianus,Carn,Tropical forest,2.25,7.3,2.702,4,3.3,1.817,5
73,"Begazo, 1999",Ramphastos spp,Frug,Tropical forest,2.25,5.1,2.258,4,7.4,2.72,6
74,"Begazo, 1999",Amazona spp,Frug,Tropical forest,2.5,6.4,2.53,6,5,2.236,5
75,"Begazo, 1999",Anhinga anhinga,Carn,Tropical forest,2.5,0.77,0.878,5,1.5,1.225,4
76,"Begazo, 1999",Ara spp,Frug,Tropical forest,2.5,14,3.742,6,5.13,2.265,5
77,"Begazo, 1999",Ardea cocoi,Carn,Tropical forest,2.5,3.65,1.911,5,5.5,2.345,4
78,"Begazo, 1999",Cairina moschata,Omn,Tropical forest,2.5,0.96,0.98,5,0.5,0.707,4
79,"Begazo, 1999",Cochlearius cochlearius,Inver,Tropical forest,2.5,0.6,0.775,5,1,1,4
80,"Begazo, 1999",Odontophorus stellarus,Frug,Tropical forest,2.5,7.2,2.683,5,7.6,2.757,4
81,"Begazo, 1999",Ramphastos spp,Frug,Tropical forest,2.5,14.53,3.812,6,13.1,3.619,5
82,"Brickle, 2002",Pavo muticus,Inver,Tropical forest,1.5,1.79,5.202,32,0.48,1.142,32
83,"Brickle, 2002",Pavo muticus,Inver,Tropical forest,3.5,1.79,5.202,32,0.9,1.776,32
84,"Brickle, 2002",Pavo muticus,Inver,Tropical forest,5.5,1.79,5.202,32,1.59,3.68,32
85,"Brickle, 2002",Pavo muticus,Inver,Tropical forest,7.5,1.79,5.202,32,1.48,3.934,32
86,"Brickle, 2002",Pavo muticus,Inver,Tropical forest,9.5,1.79,5.202,32,1.81,7.486,32
87,"Cabassu, 2010",Crax rubra,Frug,Tropical forest,1,0.235,0.485,11,0.054,0.232,7
88,"Cabassu, 2010",Crax rubra,Frug,Tropical forest,3,0.235,0.485,11,0.054,0.232,7
89,"Cabassu, 2010",Crax rubra,Frug,Tropical forest,5,0.235,0.485,11,0.054,0.232,7
90,"Cabassu, 2010",Penelope purpurascens,Frug,Tropical forest,1,0.333,0.577,11,0.054,0.232,7
91,"Cabassu, 2010",Penelope purpurascens,Frug,Tropical forest,3,0.333,0.577,11,0.411,0.641,7
92,"Cabassu, 2010",Penelope purpurascens,Frug,Tropical forest,5,0.333,0.577,11,0.161,0.401,7
93,"Cullen Jr. et al., 2000; 2001",Crypturellus spp.,Frug,Atlantic deciduous forest,2.5,1.943,0.371,6,0.24,0.349,6
94,"Cullen Jr. et al., 2000; 2001",Penelope superciliaris,Frug,Atlantic deciduous forest,2.5,6.18,1.27,6,1.863,0.49,6
95,"Cullen Jr. et al., 2000; 2001",Crypturellus spp.,Frug,Atlantic deciduous forest,2.5,1.943,0.371,6,1.086,0.211,6
96,"Cullen Jr. et al., 2000; 2001",Penelope superciliaris,Frug,Atlantic deciduous forest,2.5,6.18,1.27,6,1.667,0.353,6
97,"Cullen Jr. et al., 2000; 2001",Crypturellus spp.,Frug,Atlantic deciduous forest,2.5,1.943,0.371,6,1.886,0.446,6
98,"Cullen Jr. et al., 2000; 2001",Penelope superciliaris,Frug,Atlantic deciduous forest,2.5,6.18,1.27,6,3.922,0.588,6
99,"Cullen Jr. et al., 2000; 2001",Penelope superciliaris,Frug,Atlantic deciduous forest,2.5,6.18,1.27,6,1.216,0.392,6
100,"Dasgupta and Hilaluddin, 2012",Ducula aenea,Frug,Tropical forest,1.2,7.79,10.071,4,5.22,6.847,4
101,"Dasgupta and Hilaluddin, 2012",Ducula badia,Frug,Tropical forest,1.2,55.05,36.504,4,91.33,36.502,4
102,"Dasgupta and Hilaluddin, 2012",Aceros undulatus,Frug,Tropical forest,1.2,15.14,7.231,4,5.11,2.387,2
103,"Dasgupta and Hilaluddin, 2012",Anthracoceros albirostris,Frug,Tropical forest,1.2,19.48,6.85,4,5.32,2.456,2
104,"Dasgupta and Hilaluddin, 2012",Buceros bicornis,Frug,Tropical forest,1.2,11.95,6.342,4,3.1,2.524,2
105,"Demmer et al., 2002",Amazona ochrocephala,Frug,Tropical forest,0.68,4.333,4.933,3,7.667,6.658,3
106,"Demmer et al., 2002",Amazona ochrocephala,Frug,Tropical forest,1.93,4.333,4.933,3,9,5.292,3
107,"Demmer et al., 2002",Ara ambiguus,Frug,Tropical forest,0.68,0.333,0.577,3,0.333,0.577,3
108,"Demmer et al., 2002",Ara ambiguus,Frug,Tropical forest,1.93,0.333,0.577,3,2.333,2.082,3
109,"Demmer et al., 2002",Ara macao,Omn,Tropical forest,0.68,4.667,3.512,3,3.333,2.082,3
110,"Demmer et al., 2002",Ara macao,Omn,Tropical forest,1.93,4.667,3.512,3,4.333,3.512,3
111,"Demmer et al., 2002",Aratinga spp,Frug,Tropical forest,0.68,2.667,0.577,3,1.667,1.528,3
112,"Demmer et al., 2002",Aratinga spp,Frug,Tropical forest,1.93,2.667,0.577,3,2.333,3.215,3
113,"Demmer et al., 2002",Claravis mondetoura and C. pretiosa,Frug,Tropical forest,0.68,3.667,2.517,3,9.667,9.866,3
114,"Demmer et al., 2002",Claravis mondetoura and C. pretiosa,Frug,Tropical forest,1.93,3.667,2.517,3,7.333,5.132,3
115,"Demmer et al., 2002",Crax rubra,Frug,Tropical forest,0.68,5.667,9.815,3,0.667,1.155,3
116,"Demmer et al., 2002",Crax rubra,Frug,Tropical forest,1.93,5.667,9.815,3,5,4,3
117,"Demmer et al., 2002",Odontophorus spp,Frug,Tropical forest,0.68,1,1.732,3,1,1,3
118,"Demmer et al., 2002",Odontophorus spp,Frug,Tropical forest,1.93,1,1.732,3,2.333,2.517,3
119,"Demmer et al., 2002",Ortalis vetula,Frug,Tropical forest,0.68,0.333,0.577,3,0.333,0.577,3
120,"Demmer et al., 2002",Ortalis vetula,Frug,Tropical forest,1.93,0.333,0.577,3,0.667,1.155,3
121,"Demmer et al., 2002",Penelope purpurascens aequatorialis,Frug,Tropical forest,0.68,12.667,5.132,3,2.667,2.082,3
122,"Demmer et al., 2002",Penelope purpurascens aequatorialis,Frug,Tropical forest,1.93,12.667,5.132,3,12.333,9.452,3
123,"Demmer et al., 2002",Pteroglossus torquatus,Frug,Tropical forest,0.68,1,1.732,3,1,1,3
124,"Demmer et al., 2002",Pteroglossus torquatus,Frug,Tropical forest,1.93,1,1.732,3,0.667,0.577,3
125,"Demmer et al., 2002",Ramphastos ambiguus swainsonii,Frug,Tropical forest,0.68,7.667,4.163,3,3.667,2.082,3
126,"Demmer et al., 2002",Ramphastos ambiguus swainsonii,Frug,Tropical forest,1.93,7.667,4.163,3,5,6.245,3
127,"Demmer et al., 2002",Ramphastos sulfuratus,Frug,Tropical forest,1.93,0.333,0.577,3,1,1,3
128,"Demmer et al., 2002",Tinamus major,Frug,Tropical forest,0.68,10.333,9.074,3,15,5.292,3
129,"Demmer et al., 2002",Tinamus major,Frug,Tropical forest,1.93,10.333,9.074,3,8,7,3
130,"Demmer et al., 2002",Amazona ochrocephala,Frug,Tropical forest,0.68,4,6.928,3,3.667,2.309,3
131,"Demmer et al., 2002",Amazona ochrocephala,Frug,Tropical forest,1.93,4,6.928,3,2.667,3.055,3
132,"Demmer et al., 2002",Ara macao,Omn,Tropical forest,0.68,1.333,1.155,3,1,1,3
133,"Demmer et al., 2002",Ara macao,Omn,Tropical forest,1.93,1.333,1.155,3,0.333,0.577,3
134,"Demmer et al., 2002",Columbina passerina,Frug,Tropical forest,0.68,0.667,1.155,3,0.667,0.577,3
135,"Demmer et al., 2002",Columbina passerina,Frug,Tropical forest,1.93,0.667,1.155,3,1.667,2.887,3
136,"Demmer et al., 2002",Crax rubra,Frug,Tropical forest,0.68,0.333,0.577,3,0.667,1.155,3
137,"Demmer et al., 2002",Crax rubra,Frug,Tropical forest,1.93,0.333,0.577,3,1,1.732,3
138,"Demmer et al., 2002",Penelope purpurascens aequatorialis,Frug,Tropical forest,0.68,2,1.732,3,1.333,2.309,3
139,"Demmer et al., 2002",Penelope purpurascens aequatorialis,Frug,Tropical forest,1.93,2,1.732,3,2.333,2.082,3
140,"Demmer et al., 2002",Pionus senilis,Frug,Tropical forest,1.93,1,1,3,1.333,0.577,3
141,"Demmer et al., 2002",Ramphastos ambiguus swainsonii,Frug,Tropical forest,0.68,2,2,3,2.5,2.121,3
142,"Demmer et al., 2002",Ramphastos ambiguus swainsonii,Frug,Tropical forest,1.93,2,2,3,1.333,0.577,3
143,"Demmer et al., 2002",Ramphastos sulfuratus,Frug,Tropical forest,0.68,2.667,2.082,3,3.667,3.786,3
144,"Demmer et al., 2002",Ramphastos sulfuratus,Frug,Tropical forest,1.93,2.667,2.082,3,2,1,3
145,"Demmer et al., 2002",Tinamus major,Frug,Tropical forest,0.68,11,8.888,3,5.667,2.517,3
146,"Demmer et al., 2002",Tinamus major,Frug,Tropical forest,1.93,11,8.888,3,6.333,5.033,3
147,Endo et al 2010,"Crypturellus atrocapillus, C. bartletti, C. cinereus, C.soui, C. strigulosus, C. undulatus and C. variegatus",Frug,Tropical forest,15,15.9,3.609,3,15.3,3.473,3
148,Endo et al 2010,Mitu tuberosum,Frug,Tropical forest,15,8.9,1.629,3,7.89,1.633,3
149,Endo et al 2010,Odontophorus gujanensis,Omn,Tropical forest,15,48.6,15.309,3,86.8,28.384,3
150,Endo et al 2010,Penelope jacquacu,Frug,Tropical forest,15,13.7,3.096,3,29.3,5.596,3
151,Endo et al 2010,Pipile cumanensis,Frug,Tropical forest,15,1.55,0.825,3,1.07,0.816,3
152,Endo et al 2010,Psophia leucoptera,Frug,Tropical forest,15,37.4,7.929,3,20.4,5.243,3
153,Endo et al 2010,"Tinamus major, T. guttatus and T. tao",Frug,Tropical forest,15,7.32,2.386,3,26.9,6.886,3
154,Endo et al 2010,"Crypturellus atrocapillus, C. bartletti, C. cinereus, C.soui, C. strigulosus, C. undulatus and C. variegatus",Frug,Tropical forest,2.7,15.9,3.609,3,12.8,3.226,3
155,Endo et al 2010,"Crypturellus atrocapillus, C. bartletti, C. cinereus, C.soui, C. strigulosus, C. undulatus and C. variegatus",Frug,Tropical forest,30,4.54,3.609,3,16.1,3.473,3
156,Endo et al 2010,"Crypturellus atrocapillus, C. bartletti, C. cinereus, C.soui, C. strigulosus, C. undulatus and C. variegatus",Frug,Tropical forest,2.7,29.3,5.421,3,17.7,3.558,3
157,Endo et al 2010,Mitu tuberosum,Frug,Tropical forest,2.7,8.9,1.629,3,2.12,0.963,3
158,Endo et al 2010,Mitu tuberosum,Frug,Tropical forest,30,1.54,1.629,3,5.9,1.633,3
159,Endo et al 2010,Mitu tuberosum,Frug,Tropical forest,2.7,20.2,2.444,3,0.62,0.62,3
160,Endo et al 2010,Odontophorus gujanensis,Omn,Tropical forest,2.7,48.6,15.309,3,69.1,18.104,3
161,Endo et al 2010,Odontophorus gujanensis,Omn,Tropical forest,30,18.825,15.309,3,50.2,28.384,3
162,Endo et al 2010,Odontophorus gujanensis,Omn,Tropical forest,2.7,30.1,1.776,3,89.3,22.504,3
163,Endo et al 2010,Penelope jacquacu,Frug,Tropical forest,2.7,13.7,3.096,3,12.6,3.377,3
164,Endo et al 2010,Penelope jacquacu,Frug,Tropical forest,30,4.828,3.096,3,20.2,5.596,3
165,Endo et al 2010,Penelope jacquacu,Frug,Tropical forest,2.7,10.1,0.586,3,34.7,7.842,3
166,Endo et al 2010,Pipile cumanensis,Frug,Tropical forest,2.7,1.55,0.825,3,1.55,1,3
167,Endo et al 2010,Pipile cumanensis,Frug,Tropical forest,30,0.551,0.825,3,0.53,0.816,3
168,Endo et al 2010,Psophia leucoptera,Frug,Tropical forest,2.7,37.4,7.929,3,13.7,6.288,3
169,Endo et al 2010,Psophia leucoptera,Frug,Tropical forest,30,11.172,7.929,3,52.7,5.243,3
170,Endo et al 2010,Psophia leucoptera,Frug,Tropical forest,2.7,39.1,1.642,3,5.42,2.282,3
171,Endo et al 2010,"Tinamus major, T. guttatus and T. tao",Frug,Tropical forest,2.7,7.32,2.386,3,8.27,2.249,3
172,Endo et al 2010,"Tinamus major, T. guttatus and T. tao",Frug,Tropical forest,30,2.423,2.386,3,6.46,6.886,3
173,Endo et al 2010,"Tinamus major, T. guttatus and T. tao",Frug,Tropical forest,2.7,53.3,3.198,3,5.52,1.733,3
174,Espinosa-Andrade 2012,Mitu salvini,Frug,Tropical forest,16.5,6.303,2.511,26,3.429,1.852,25
175,Espinosa-Andrade 2012,Nothocrax urumutum,Frug,Tropical forest,16.5,0.129,0.36,26,0.3,0.548,25
176,Espinosa-Andrade 2012,Penelope jacquacu,Frug,Tropical forest,16.5,0.027,0.164,26,0.651,0.807,25
177,Espinosa-Andrade 2012,Psophia crepitans,Frug,Tropical forest,16.5,12.874,3.588,26,13.369,3.656,25
178,Espinosa-Andrade 2012,Mitu salvini,Frug,Tropical forest,3.8,6.303,2.511,26,1.394,1.18,23
179,Espinosa-Andrade 2012,Nothocrax urumutum,Frug,Tropical forest,3.8,0.129,0.36,26,0.6,0.775,23
180,Espinosa-Andrade 2012,Penelope jacquacu,Frug,Tropical forest,3.8,0.027,0.164,26,0.336,0.579,23
181,Espinosa-Andrade 2012,Psophia crepitans,Frug,Tropical forest,3.8,12.874,3.588,26,14.689,3.833,23
182,Espinosa-Andrade 2012,Mitu salvini,Frug,Tropical forest,3.9,6.303,2.511,26,0.619,0.787,26
183,Espinosa-Andrade 2012,Nothocrax urumutum,Frug,Tropical forest,3.9,0.129,0.36,26,0.129,0.36,26
184,Espinosa-Andrade 2012,Penelope jacquacu,Frug,Tropical forest,3.9,0.027,0.164,26,0.342,0.585,26
185,Espinosa-Andrade 2012,Psophia crepitans,Frug,Tropical forest,3.9,12.874,3.588,26,15.456,3.931,26
186,"Magige et al, 2009",Struthio camelus,Omn,Savannah,3.25,0.15,0.374,155,0.25,0.649,52
187,"Martinez-Morales, 1999",Crax rubra griscomi,Frug,Tropical forest,2,0.871,2.614,90,0.298,3.71,90
188,"Martinez-Morales, 1999",Crax rubra griscomi,Frug,Tropical forest,2.5,0.871,2.614,90,0.178,1.94,90
189,"Martinez-Morales, 1999",Crax rubra griscomi,Frug,Tropical forest,3,0.871,2.614,90,0.258,1.855,90
190,"Martinez-Morales, 1999",Crax rubra griscomi,Frug,Tropical forest,3.5,0.871,2.614,90,0.702,3.036,90
191,"Martinez-Morales, 1999",Crax rubra griscomi,Frug,Tropical forest,4,0.871,2.614,90,0.898,4.048,90
192,"Martinez-Morales, 1999",Crax rubra griscomi,Frug,Tropical forest,4.5,0.871,2.614,90,0.871,3.078,90
193,"Martinez-Morales, 1999",Crax rubra griscomi,Frug,Tropical forest,5,0.871,2.614,90,0.902,2.783,90
194,"Martinez-Morales, 1999",Crax rubra griscomi,Frug,Tropical forest,5.5,0.871,2.614,90,0.849,2.698,90
195,"Martinez-Morales, 1999",Crax rubra griscomi,Frug,Tropical forest,6,0.871,2.614,90,1.009,2.825,90
196,"Martinez-Morales, 1999",Crax rubra griscomi,Frug,Tropical forest,6.5,0.871,2.614,90,0.982,2.783,90
197,"Martinez-Morales, 1999",Crax rubra griscomi,Frug,Tropical forest,7,0.871,2.614,90,0.956,2.741,90
198,"Martinez-Morales, 1999",Crax rubra griscomi,Frug,Tropical forest,7.5,0.871,2.614,90,0.902,2.656,90
199,"Martinez-Morales, 1999",Crax rubra griscomi,Frug,Tropical forest,8,0.871,2.614,90,0.889,2.614,90
200,"Martinez-Morales, 1999",Crax rubra griscomi,Frug,Tropical forest,8.5,0.871,2.614,90,0.876,2.614,90
201,"Mena et al.,2000",Amazona farinosa,Frug,Tropical forest,2,58.8,7.668,60,39.1,6.253,60
202,"Mena et al.,2000",Nothocrax urumutum,Frug,Tropical forest,2,5.2,2.28,60,6.8,2.608,60
203,"Mena et al.,2000",Odontophorus gujanensis,Omn,Tropical forest,2,35.3,5.941,60,31.2,5.586,60
204,"Mena et al.,2000",Penelope jacquacu,Frug,Tropical forest,2,31.7,5.63,60,21.4,4.626,60
205,"Mena et al.,2000",Psophia crepitans,Frug,Tropical forest,2,80,8.944,60,28.5,5.339,60
206,"Mena et al.,2000",Ramphastos cuvieri,Omn,Tropical forest,2,52,7.211,60,39.4,6.277,60
207,"Mena et al.,2000",Tinamus guttatus,Frug,Tropical forest,2,7.4,2.72,60,12.8,3.578,60
208,"Mena et al.,2000",Tinamus major,Frug,Tropical forest,2,23.7,4.868,60,26.6,5.158,60
209,"Nunez-Iturri et al., 2007",Penelope jacquacu,Frug,Tropical forest,5.5,7.8,18.52,175,7.6,22.626,158
210,"Nunez-Iturri et al., 2007",Psophia leucoptera,Frug,Tropical forest,5.5,11.7,25.135,175,5.3,16.341,158
211,"Parry et al., 2009",Crax alector,Frug,Tropical forest,5,1.605,1.879,8,0.947,1.048,6
212,"Parry et al., 2009",Crypturellus spp.,Frug,Tropical forest,5,3.388,3.134,8,7.821,6.903,6
213,"Parry et al., 2009",Ortalis motmot,Frug,Tropical forest,5,0.658,1.489,8,3.158,6.124,6
214,"Parry et al., 2009",Penelope marail,Frug,Tropical forest,5,5.515,5.343,8,2.108,1.905,6
215,"Parry et al., 2009",Psophia crepitans,Frug,Tropical forest,5,9.374,12.099,8,1.893,2.45,6
216,"Parry et al., 2009",Tinamus spp,Frug,Tropical forest,5,7.441,5.552,8,7.472,4.266,6
217,"Peres and Lake, 2003",Mitu tuberosum and Crax spp,Frug,Tropical forest,0.25,0.639,0.8,45,0.221,0.47,45
218,"Peres and Lake, 2003",Mitu tuberosum and Crax spp,Frug,Tropical forest,0.75,0.639,0.8,45,0.279,0.528,45
219,"Peres and Lake, 2003",Mitu tuberosum and Crax spp,Frug,Tropical forest,1.25,0.639,0.8,45,0.393,0.627,45
220,"Peres and Lake, 2003",Mitu tuberosum and Crax spp,Frug,Tropical forest,1.75,0.639,0.8,45,0.395,0.629,45
221,"Peres and Lake, 2003",Mitu tuberosum and Crax spp,Frug,Tropical forest,2.25,0.639,0.8,45,0.396,0.629,45
222,"Peres and Lake, 2003",Mitu tuberosum and Crax spp,Frug,Tropical forest,2.75,0.639,0.8,45,0.295,0.543,45
223,"Peres and Lake, 2003",Mitu tuberosum and Crax spp,Frug,Tropical forest,3.25,0.639,0.8,45,0.36,0.6,45
224,"Peres and Lake, 2003",Mitu tuberosum and Crax spp,Frug,Tropical forest,3.75,0.639,0.8,45,0.505,0.711,45
225,"Peres and Lake, 2003",Mitu tuberosum and Crax spp,Frug,Tropical forest,4.25,0.639,0.8,45,0.369,0.607,45
226,"Peres and Lake, 2003",Psophia spp,Frug,Tropical forest,0.25,0.669,0.818,45,0.118,0.343,45
227,"Peres and Lake, 2003",Psophia spp,Frug,Tropical forest,0.75,0.669,0.818,45,0.288,0.537,45
228,"Peres and Lake, 2003",Psophia spp,Frug,Tropical forest,1.25,0.669,0.818,45,0.588,0.767,45
229,"Peres and Lake, 2003",Psophia spp,Frug,Tropical forest,1.75,0.669,0.818,45,0.647,0.804,45
230,"Peres and Lake, 2003",Psophia spp,Frug,Tropical forest,2.25,0.669,0.818,45,0.533,0.73,45
231,"Peres and Lake, 2003",Psophia spp,Frug,Tropical forest,2.75,0.669,0.818,45,0.431,0.657,45
232,"Peres and Lake, 2003",Psophia spp,Frug,Tropical forest,3.25,0.669,0.818,45,0.568,0.754,45
233,"Peres and Lake, 2003",Psophia spp,Frug,Tropical forest,3.75,0.669,0.818,45,0.568,0.754,45
234,"Peres and Lake, 2003",Psophia spp,Frug,Tropical forest,4.25,0.669,0.818,45,0.541,0.736,45
235,"Peres and Nascimento, 2006",Crax fasciolata and Mitu tuberosum,Frug,Tropical forest,2.75,9,3,4,1.44,1.2,2
236,"Peres and Nascimento, 2006",Crypturellus spp.,Frug,Tropical forest,2.75,10.4,3.225,4,17.5,4.183,2
237,"Peres and Nascimento, 2006",Penelope pileata and P. superciliaris,Frug,Tropical forest,2.75,22.3,4.722,4,14.2,3.768,2
238,"Peres and Nascimento, 2006",Pipile cujubi,Frug,Tropical forest,2.75,2.8,1.673,4,0.52,0.721,2
239,"Peres and Nascimento, 2006",Psophia viridis,Frug,Tropical forest,2.75,33.1,5.753,4,11.8,3.435,2
240,"Peres and Nascimento, 2006",Tinamus spp.,Frug,Tropical forest,2.75,15.1,3.886,4,11.6,3.406,2
241,"Poulsen et al., 2011",Bycanistes albotibialis,Frug,Tropical forest,11.73,32.4,51.255,48,55.9,71.403,48
242,"Poulsen et al., 2011",Bycanistes fistulator,Frug,Tropical forest,11.73,67.6,166.489,48,121.5,191.94,48
243,"Poulsen et al., 2011",Ceratogymna atrata,Frug,Tropical forest,11.73,13.6,13.786,48,29.7,46.659,48
244,"Poulsen et al., 2011",Corythaeola cristata,Frug,Tropical forest,11.73,5.4,12.725,48,26.7,60.092,48
245,"Poulsen et al., 2011",Psittacus erithacus,Frug,Tropical forest,11.73,50,89.784,48,91.9,178.154,48
246,"Poulsen et al., 2011",Tockus camurus,Inver,Tropical forest,11.73,9,14.493,48,3.8,7.423,48
247,"Poulsen et al., 2011",Tockus fasciatus,Omn,Tropical forest,11.73,9.4,24.744,48,12,39.59,48
248,"Poulsen et al., 2011",Tropicranus albocristatus,Omn,Tropical forest,11.73,17,30.046,48,7.1,22.623,48
249,"Suarez et al., 2013",Penelope jacquacu,Frug,Tropical forest,1,10.108,41.997,48,2.361,16.023,48
250,"Suarez et al., 2013",Pipile pipile,Frug,Tropical forest,1,6.706,29.929,48,3.654,21.38,48
251,"Suarez et al., 2013",Psophia crepitans,Frug,Tropical forest,1,2.205,15.313,48,1.802,16.909,48
252,"Suarez et al., 2013",Penelope jacquacu,Frug,Tropical forest,1,10.108,41.997,48,3.295,19.125,48
253,"Suarez et al., 2013",Pipile pipile,Frug,Tropical forest,1,6.706,29.929,48,1.133,10.636,48
254,"Suarez et al., 2013",Psophia crepitans,Frug,Tropical forest,1,2.205,15.313,48,5.031,30.033,48
255,"Suarez et al., 2013",Ramphastos spp,Frug,Tropical forest,1,1.029,7.056,48,3.13,16.81,48
256,"Thiollay, 1984",Accipiter bicolor,Carn,Tropical forest,2.5,0.08,0.283,12,0.22,0.469,33
257,"Thiollay, 1984",Buteogallus urubitinga,Carn,Tropical forest,2.5,2,1.414,28,0.33,0.575,128
258,"Thiollay, 1984",Cathartes melambrotus,Carn,Tropical forest,2.5,3,1.732,28,1.66,1.288,128
259,"Thiollay, 1984",Elanoides forficatus,Inver,Tropical forest,2.5,4,2,28,1.6,1.265,128
260,"Thiollay, 1984",Harpagus bidentatus,Inver,Tropical forest,2.5,2,1.414,28,1.66,1.288,128
261,"Thiollay, 1984",Harpagus diodon,Inver,Tropical forest,2.5,0.33,0.575,28,0.22,0.469,128
262,"Thiollay, 1984",Ibycter americanus,Inver,Tropical forest,2.5,1.66,1.288,12,0.44,0.663,33
263,"Thiollay, 1984",Micrastur gilvicollis,Carn,Tropical forest,2.5,0.07,0.265,12,0.22,0.469,33
264,"Thiollay, 1984",Micrastur semitorquatus,Carn,Tropical forest,2.5,0.03,0.173,12,0.02,0.141,33
265,"Thiollay, 1984",Morphnus guianensis,Carn,Tropical forest,2.5,0.5,0.707,28,0.11,0.332,128
266,"Thiollay, 1984",Pseudastur albicollis,Carn,Tropical forest,2.5,1.33,1.153,28,0.99,0.995,128
267,"Thiollay, 1984",Sarcoramphus papa,Carn,Tropical forest,2.5,2.66,1.631,28,0.88,0.938,128
268,"Thiollay, 1984",Spizaetus melanoleucus,Carn,Tropical forest,2.5,1.33,1.153,28,0.88,0.938,128
269,"Thiollay, 1984",Spizaetus ornatus,Carn,Tropical forest,2.5,1.33,1.153,28,0.33,0.575,128
270,"Thiollay, 2005","Amazona amazonica, A. farinosa, A. dufresniana and A. ochrocephala",Frug,Tropical forest,22.17,1.62,0.8,7,0.53,0.23,6
271,"Thiollay, 2005","Amazona amazonica, A. farinosa, A. dufresniana and A. ochrocephala",Frug,Tropical forest,41.13,1.62,0.8,7,0.79,0.39,8
272,"Thiollay, 2005",Ara chloroptera and A. macao,Frug,Tropical forest,22.17,2.02,1.27,7,0.34,0.56,6
273,"Thiollay, 2005",Ara chloroptera and A. macao,Frug,Tropical forest,41.13,2.02,1.27,7,1.08,0.77,8
274,"Thiollay, 2005",Crax alector,Frug,Tropical forest,22.17,1.27,0.48,7,0.19,0.15,6
275,"Thiollay, 2005",Crax alector,Frug,Tropical forest,41.13,1.27,0.48,7,0.62,0.49,8
276,"Thiollay, 2005",Crypturellus variegatus,Frug,Tropical forest,22.17,1.54,0.61,7,0.91,0.25,6
277,"Thiollay, 2005",Crypturellus variegatus,Frug,Tropical forest,41.13,1.54,0.61,7,1.27,0.34,8
278,"Thiollay, 2005",Odontophorus gujanensis,Omn,Tropical forest,22.17,0.89,0.57,7,0.24,0.28,6
279,"Thiollay, 2005",Odontophorus gujanensis,Omn,Tropical forest,41.13,0.89,0.57,7,0.38,0.15,8
280,"Thiollay, 2005",Penelope marail and Pipile cumanensis,Frug,Tropical forest,22.17,1.01,0.36,7,0.24,0.11,6
281,"Thiollay, 2005",Penelope marail and Pipile cumanensis,Frug,Tropical forest,41.13,1.01,0.36,7,0.92,0.43,8
282,"Thiollay, 2005",Psophia crepitans,Frug,Tropical forest,22.17,1.95,0.65,7,0.18,0.11,6
283,"Thiollay, 2005",Psophia crepitans,Frug,Tropical forest,41.13,1.95,0.65,7,0.63,0.37,8
284,"Thiollay, 2005",Ramphastos tucanus and R. vitellinus,Frug,Tropical forest,22.17,3.5,2.06,7,1.46,0.7,6
285,"Thiollay, 2005",Ramphastos tucanus and R. vitellinus,Frug,Tropical forest,41.13,3.5,2.06,7,2.05,1.54,8
286,"Thiollay, 2005",Tinamus major,Frug,Tropical forest,22.17,0.56,0.14,7,0.21,0.07,6
287,"Thiollay, 2005",Tinamus major,Frug,Tropical forest,41.13,0.56,0.14,7,0.46,0.11,8
288,Urquiza-Haas et al. 2011,Crypturellus spp.,Frug,Tropical forest,3.5,1.13,1.063,31,1.39,1.179,25
289,Urquiza-Haas et al. 2011,Ortalis vetula,Frug,Tropical forest,3.5,9.57,3.094,31,7.08,2.661,25
290,Urquiza-Haas et al. 2011,Ramphastos sulfuratus,Frug,Tropical forest,3.5,0.35,0.592,31,0.11,0.332,25
291,Urquiza-Haas et al. 2011,Crypturellus spp.,Frug,Tropical forest,3.5,1.13,1.063,31,0.57,0.755,32
292,Urquiza-Haas et al. 2011,Meleagris ocellata,Omn,Tropical forest,3.5,0.43,0.656,31,0.08,0.283,32
293,Urquiza-Haas et al. 2011,Ortalis vetula,Frug,Tropical forest,3.5,9.57,3.094,31,9.98,3.159,32
294,Urquiza-Haas et al. 2011,Ramphastos sulfuratus,Frug,Tropical forest,3.5,0.35,0.592,31,1.64,1.281,32
295,Urquiza-Haas et al. 2011,Crax rubra,Frug,Tropical forest,3.5,0.36,0.6,29,0.18,0.424,30
296,Urquiza-Haas et al. 2011,Crax rubra,Frug,Tropical forest,3.5,0.36,0.6,29,0.44,0.663,30
297,Urquiza-Haas et al. 2011,Crypturellus spp.,Frug,Tropical forest,3.5,1,1,29,0.35,0.592,30
298,Urquiza-Haas et al. 2011,Crypturellus spp.,Frug,Tropical forest,3.5,1,1,29,1.67,1.292,30
299,Urquiza-Haas et al. 2011,Meleagris ocellata,Omn,Tropical forest,3.5,0.36,0.6,29,0.18,0.424,30
300,Urquiza-Haas et al. 2011,Meleagris ocellata,Omn,Tropical forest,3.5,0.36,0.6,29,0.35,0.592,30
301,Urquiza-Haas et al. 2011,Ortalis vetula,Frug,Tropical forest,3.5,1.9,1.378,29,2.02,1.421,30
302,Urquiza-Haas et al. 2011,Ortalis vetula,Frug,Tropical forest,3.5,1.9,1.378,29,2.19,1.48,30
303,Urquiza-Haas et al. 2011,Ramphastos sulfuratus,Frug,Tropical forest,3.5,4.09,2.022,29,2.02,1.421,30
304,Urquiza-Haas et al. 2011,Ramphastos sulfuratus,Frug,Tropical forest,3.5,4.09,2.022,29,2.28,1.51,30
305,Urquiza-Haas et al. 2011,Crypturellus spp.,Frug,Tropical forest,3.5,1,1,29,1.89,1.375,30
306,Urquiza-Haas et al. 2011,Meleagris ocellata,Omn,Tropical forest,3.5,0.36,0.6,29,0.54,0.735,30
307,Urquiza-Haas et al. 2011,Ortalis vetula,Frug,Tropical forest,3.5,1.9,1.378,29,1.53,1.237,30
